referrer,device,n_visit,n_pages,duration,purchase,order_items,order_value
yahoo,tablet,2,10,280,TRUE,4,293
google,laptop,6,13,325,TRUE,5,2250
bing,tablet,1,17,170,FALSE,9,2433
google,tablet,10,1,86,FALSE,0,0
social,tablet,5,1,934,FALSE,0,0
direct,tablet,10,1,497,FALSE,0,0
google,laptop,7,1,792,FALSE,0,0
social,mobile,8,9,225,FALSE,2,388
social,mobile,1,2,44,FALSE,10,1515
bing,tablet,9,2,50,FALSE,0,0
bing,mobile,4,1,979,FALSE,0,0
social,laptop,4,1,850,FALSE,0,0
social,laptop,8,15,240,FALSE,5,2991
bing,laptop,4,1,750,FALSE,0,0
direct,laptop,7,1,262,FALSE,0,0
social,laptop,5,3,90,FALSE,0,0
google,mobile,2,8,184,FALSE,5,2000
google,mobile,6,1,644,FALSE,0,0
yahoo,mobile,6,4,52,FALSE,10,1255
direct,laptop,1,14,364,TRUE,1,2802
google,mobile,2,15,210,FALSE,0,0
direct,tablet,0,1,803,FALSE,0,0
bing,mobile,10,8,152,FALSE,0,0
google,laptop,7,1,79,FALSE,0,0
social,mobile,5,1,22,FALSE,0,0
google,laptop,2,17,391,FALSE,0,0
direct,mobile,2,12,348,FALSE,0,0
bing,laptop,6,1,802,FALSE,0,0
social,tablet,4,1,578,FALSE,0,0
social,tablet,5,10,200,FALSE,9,964
google,tablet,5,10,180,FALSE,1,1936
direct,mobile,2,1,217,FALSE,0,0
google,mobile,3,1,553,FALSE,0,0
yahoo,mobile,3,20,480,FALSE,0,0
social,mobile,3,13,208,FALSE,0,0
bing,laptop,5,16,192,FALSE,4,1203
yahoo,laptop,2,12,144,FALSE,5,2397
google,tablet,7,12,324,TRUE,2,1358
yahoo,laptop,10,18,180,FALSE,0,0
bing,tablet,5,8,216,FALSE,8,1722
bing,mobile,10,14,140,FALSE,0,0
social,laptop,6,10,150,FALSE,10,1397
yahoo,mobile,3,1,151,FALSE,0,0
yahoo,tablet,0,13,390,TRUE,5,1748
social,laptop,0,1,651,FALSE,0,0
google,tablet,2,1,239,FALSE,0,0
yahoo,tablet,3,1,212,FALSE,0,0
social,laptop,10,20,280,TRUE,1,2011
bing,mobile,1,1,67,FALSE,0,0
bing,mobile,1,1,905,FALSE,0,0
google,laptop,7,1,928,FALSE,0,0
social,laptop,10,1,504,FALSE,0,0
direct,mobile,1,15,180,FALSE,5,1093
yahoo,laptop,6,17,374,TRUE,6,1648
bing,mobile,5,1,541,FALSE,0,0
yahoo,tablet,6,6,90,FALSE,0,0
social,laptop,9,1,164,FALSE,0,0
google,tablet,8,10,210,FALSE,0,0
direct,tablet,9,6,102,FALSE,0,0
google,mobile,9,17,221,FALSE,0,0
social,tablet,3,15,240,FALSE,6,1629
direct,laptop,6,1,178,FALSE,0,0
social,tablet,5,1,175,FALSE,0,0
direct,laptop,0,1,996,FALSE,0,0
social,mobile,5,1,527,FALSE,0,0
direct,mobile,10,17,493,FALSE,0,0
bing,laptop,8,6,180,FALSE,3,576
social,mobile,6,1,193,FALSE,0,0
google,mobile,7,12,288,TRUE,4,1669
google,laptop,3,1,565,FALSE,0,0
google,mobile,10,1,479,FALSE,0,0
social,mobile,4,1,305,FALSE,0,0
direct,laptop,8,1,658,FALSE,0,0
direct,laptop,0,7,196,FALSE,0,0
google,tablet,7,12,156,FALSE,0,0
google,tablet,9,1,382,FALSE,0,0
bing,mobile,3,1,490,FALSE,0,0
yahoo,tablet,0,1,238,FALSE,0,0
yahoo,tablet,5,3,78,FALSE,3,632
direct,mobile,8,1,886,FALSE,0,0
google,tablet,8,4,80,FALSE,9,1034
google,laptop,5,1,376,FALSE,0,0
google,laptop,4,1,164,FALSE,0,0
bing,laptop,1,1,995,FALSE,0,0
yahoo,mobile,0,1,287,FALSE,0,0
yahoo,mobile,4,18,468,TRUE,9,2781
bing,tablet,5,1,151,FALSE,0,0
bing,tablet,9,1,281,FALSE,0,0
social,mobile,3,20,440,TRUE,10,75
yahoo,laptop,0,18,522,TRUE,8,1523
direct,tablet,7,1,219,FALSE,0,0
google,mobile,7,1,301,FALSE,0,0
direct,laptop,2,18,324,TRUE,10,1736
google,mobile,1,1,934,FALSE,0,0
yahoo,mobile,5,1,213,FALSE,0,0
google,mobile,5,7,133,FALSE,0,0
bing,tablet,6,3,54,FALSE,2,393
direct,laptop,1,20,320,TRUE,5,2770
google,laptop,5,1,751,FALSE,0,0
google,laptop,2,6,174,FALSE,0,0
bing,laptop,0,18,180,FALSE,0,0
social,laptop,3,1,365,FALSE,0,0
google,laptop,2,1,863,FALSE,0,0
bing,mobile,9,1,650,FALSE,0,0
social,tablet,4,1,53,FALSE,0,0
direct,laptop,2,1,111,FALSE,0,0
bing,tablet,5,6,138,FALSE,3,2929
direct,laptop,4,1,896,FALSE,0,0
direct,tablet,4,1,141,FALSE,0,0
bing,laptop,4,1,748,FALSE,0,0
direct,mobile,8,16,464,FALSE,0,0
yahoo,tablet,9,2,54,FALSE,0,0
bing,tablet,1,8,144,FALSE,0,0
google,mobile,10,1,256,FALSE,0,0
bing,tablet,7,2,34,FALSE,10,2122
google,mobile,3,1,545,FALSE,0,0
bing,tablet,1,19,361,TRUE,5,44
direct,tablet,3,1,632,FALSE,0,0
social,mobile,10,11,242,TRUE,4,287
bing,mobile,0,1,686,FALSE,0,0
social,laptop,0,1,52,FALSE,0,0
direct,laptop,2,12,180,FALSE,5,1504
yahoo,tablet,1,1,949,FALSE,0,0
yahoo,mobile,3,1,415,FALSE,0,0
direct,tablet,2,1,891,FALSE,0,0
direct,laptop,0,1,23,FALSE,0,0
social,tablet,3,15,435,FALSE,0,0
direct,tablet,8,16,192,FALSE,7,487
direct,mobile,1,13,234,FALSE,0,0
social,tablet,9,6,114,FALSE,0,0
social,tablet,1,1,609,FALSE,0,0
social,tablet,3,5,95,FALSE,6,2157
bing,laptop,3,1,682,FALSE,0,0
google,mobile,5,15,150,FALSE,0,0
yahoo,laptop,1,1,779,FALSE,0,0
direct,mobile,10,19,380,FALSE,0,0
bing,mobile,2,18,198,FALSE,0,0
google,mobile,5,16,320,TRUE,9,399
yahoo,mobile,1,1,257,FALSE,0,0
yahoo,tablet,10,9,153,FALSE,0,0
yahoo,tablet,1,1,441,FALSE,0,0
direct,tablet,8,5,50,FALSE,7,27
bing,mobile,10,1,26,FALSE,0,0
yahoo,laptop,6,1,801,FALSE,0,0
bing,laptop,0,1,21,FALSE,0,0
yahoo,laptop,2,9,162,FALSE,0,0
social,laptop,2,1,341,FALSE,0,0
direct,mobile,1,1,477,FALSE,0,0
google,tablet,8,1,891,FALSE,0,0
bing,tablet,5,1,999,FALSE,0,0
google,mobile,9,1,409,FALSE,0,0
yahoo,mobile,10,7,77,FALSE,8,1503
social,mobile,5,7,140,FALSE,0,0
direct,laptop,0,1,93,FALSE,0,0
direct,laptop,8,10,210,FALSE,0,0
yahoo,laptop,0,4,52,FALSE,1,610
google,mobile,3,1,412,FALSE,0,0
direct,tablet,4,1,164,FALSE,0,0
yahoo,mobile,9,1,919,FALSE,0,0
social,laptop,10,1,45,FALSE,0,0
yahoo,mobile,10,6,90,FALSE,1,1648
yahoo,mobile,3,11,176,FALSE,6,2642
social,mobile,0,10,160,FALSE,0,0
yahoo,tablet,3,1,664,FALSE,0,0
yahoo,laptop,8,13,364,TRUE,3,343
yahoo,tablet,6,1,669,FALSE,0,0
social,mobile,8,4,100,FALSE,4,463
yahoo,tablet,0,1,929,FALSE,0,0
bing,mobile,4,20,440,TRUE,3,184
yahoo,tablet,1,12,156,FALSE,4,1578
google,tablet,3,1,523,FALSE,0,0
yahoo,laptop,2,1,997,FALSE,0,0
direct,laptop,8,11,154,FALSE,1,2702
bing,mobile,3,18,288,TRUE,6,764
direct,laptop,1,19,399,TRUE,2,54
yahoo,mobile,5,5,150,FALSE,10,2591
social,mobile,2,1,267,FALSE,0,0
google,mobile,3,18,270,TRUE,3,1753
yahoo,tablet,5,8,80,FALSE,2,362
social,tablet,8,1,502,FALSE,0,0
google,laptop,10,18,450,TRUE,3,1782
google,tablet,3,18,468,FALSE,0,0
social,tablet,5,1,752,FALSE,0,0
direct,mobile,10,3,33,FALSE,0,0
bing,tablet,0,1,356,FALSE,0,0
google,tablet,3,8,112,FALSE,0,0
google,laptop,10,1,579,FALSE,0,0
bing,laptop,0,1,897,FALSE,0,0
yahoo,tablet,6,1,297,FALSE,0,0
bing,tablet,0,1,425,FALSE,0,0
bing,laptop,1,1,169,FALSE,0,0
direct,laptop,5,1,190,FALSE,0,0
social,laptop,4,19,399,FALSE,0,0
yahoo,tablet,1,1,339,FALSE,0,0
yahoo,mobile,9,1,773,FALSE,0,0
bing,tablet,2,1,292,FALSE,0,0
direct,tablet,1,3,69,FALSE,4,1268
google,tablet,1,5,75,FALSE,5,1622
bing,mobile,9,2,42,FALSE,8,2429
direct,laptop,2,4,80,FALSE,0,0
social,tablet,2,1,576,FALSE,0,0
social,tablet,5,1,387,FALSE,0,0
direct,mobile,7,1,797,FALSE,0,0
yahoo,mobile,10,1,122,FALSE,0,0
social,laptop,5,2,26,FALSE,0,0
yahoo,laptop,8,1,924,FALSE,0,0
bing,mobile,8,13,169,FALSE,0,0
bing,mobile,10,20,560,FALSE,0,0
google,mobile,10,10,300,FALSE,0,0
yahoo,tablet,6,1,680,FALSE,0,0
google,mobile,4,1,425,FALSE,0,0
direct,mobile,2,1,206,FALSE,0,0
social,laptop,7,15,210,FALSE,0,0
bing,tablet,1,9,135,FALSE,0,0
direct,tablet,8,1,814,FALSE,0,0
yahoo,laptop,9,9,135,FALSE,6,2633
direct,laptop,9,4,80,FALSE,0,0
social,mobile,0,1,345,FALSE,0,0
direct,mobile,10,1,17,FALSE,0,0
google,mobile,9,1,269,FALSE,0,0
google,laptop,3,1,193,FALSE,0,0
yahoo,tablet,7,7,168,FALSE,0,0
bing,mobile,10,8,176,FALSE,0,0
bing,tablet,7,1,718,FALSE,0,0
yahoo,tablet,9,1,459,FALSE,0,0
google,laptop,2,13,169,FALSE,0,0
direct,tablet,4,1,136,FALSE,0,0
social,tablet,4,1,392,FALSE,0,0
bing,tablet,0,2,52,FALSE,1,178
direct,tablet,1,1,946,FALSE,0,0
social,tablet,0,2,46,FALSE,0,0
direct,tablet,3,10,260,TRUE,7,980
direct,tablet,6,12,132,FALSE,0,0
bing,laptop,3,1,271,FALSE,0,0
bing,tablet,5,20,540,FALSE,0,0
social,tablet,5,16,272,TRUE,2,866
direct,tablet,3,1,21,FALSE,4,793
direct,tablet,10,1,682,FALSE,0,0
bing,laptop,0,1,973,FALSE,0,0
bing,tablet,0,1,352,FALSE,0,0
google,mobile,6,1,208,FALSE,0,0
google,tablet,6,1,216,FALSE,0,0
yahoo,mobile,9,7,147,FALSE,6,29
direct,mobile,5,1,352,FALSE,0,0
yahoo,laptop,4,1,55,FALSE,0,0
direct,mobile,1,17,187,FALSE,2,2094
bing,tablet,4,1,892,FALSE,0,0
social,mobile,9,1,803,FALSE,0,0
direct,laptop,10,1,821,FALSE,0,0
google,laptop,2,17,391,TRUE,9,1345
yahoo,laptop,1,16,400,FALSE,0,0
yahoo,tablet,4,1,804,FALSE,0,0
google,tablet,8,1,414,FALSE,0,0
direct,tablet,3,12,324,TRUE,10,1257
direct,mobile,7,15,210,FALSE,3,1320
google,mobile,2,3,69,FALSE,3,583
direct,laptop,7,5,95,FALSE,0,0
google,tablet,9,3,48,FALSE,0,0
google,tablet,5,2,54,FALSE,4,1057
direct,laptop,3,1,700,FALSE,0,0
google,mobile,3,18,522,TRUE,6,1270
social,tablet,5,1,957,FALSE,0,0
social,laptop,0,11,187,FALSE,8,1733
yahoo,laptop,8,2,42,FALSE,10,1288
yahoo,tablet,10,1,406,FALSE,0,0
google,tablet,10,8,200,FALSE,0,0
google,tablet,3,1,652,FALSE,0,0
yahoo,mobile,1,1,714,FALSE,0,0
direct,laptop,6,4,104,FALSE,0,0
social,tablet,5,17,306,TRUE,8,1232
yahoo,laptop,8,6,60,FALSE,9,287
direct,mobile,4,18,324,TRUE,3,1670
yahoo,mobile,10,18,270,TRUE,10,813
bing,mobile,9,2,24,FALSE,0,0
bing,mobile,6,12,144,FALSE,0,0
bing,tablet,0,1,985,FALSE,0,0
google,tablet,3,13,338,FALSE,0,0
yahoo,laptop,5,1,739,FALSE,0,0
direct,tablet,10,14,252,FALSE,0,0
direct,mobile,2,1,338,FALSE,0,0
yahoo,tablet,7,16,224,FALSE,3,1482
direct,tablet,2,19,342,TRUE,5,622
social,tablet,9,17,459,FALSE,0,0
google,laptop,8,16,464,FALSE,0,0
yahoo,tablet,0,1,824,FALSE,0,0
google,tablet,6,1,966,FALSE,0,0
bing,laptop,3,1,422,FALSE,0,0
direct,laptop,6,6,96,FALSE,0,0
direct,tablet,7,17,459,FALSE,0,0
social,mobile,5,16,272,TRUE,9,2281
social,laptop,5,1,659,FALSE,0,0
google,laptop,1,6,72,FALSE,9,2514
bing,laptop,7,1,811,FALSE,0,0
bing,laptop,3,1,550,FALSE,0,0
direct,laptop,0,15,255,FALSE,0,0
direct,tablet,9,1,709,FALSE,0,0
direct,tablet,9,1,732,FALSE,0,0
social,mobile,7,8,216,FALSE,9,2092
social,laptop,1,4,64,FALSE,0,0
social,mobile,8,1,619,FALSE,0,0
yahoo,tablet,2,20,320,FALSE,0,0
direct,laptop,2,1,578,FALSE,0,0
direct,mobile,1,1,423,FALSE,0,0
yahoo,tablet,9,13,182,FALSE,0,0
yahoo,tablet,3,11,176,FALSE,0,0
social,tablet,2,8,208,FALSE,0,0
google,tablet,0,6,144,FALSE,1,1652
bing,laptop,9,1,709,FALSE,0,0
bing,tablet,4,1,585,FALSE,0,0
google,laptop,6,1,235,FALSE,0,0
direct,laptop,4,1,468,FALSE,0,0
google,laptop,6,1,369,FALSE,0,0
direct,laptop,0,14,252,TRUE,3,2560
social,laptop,1,1,35,FALSE,0,0
social,tablet,8,1,425,FALSE,0,0
yahoo,tablet,7,1,799,FALSE,0,0
yahoo,mobile,7,1,520,FALSE,0,0
yahoo,mobile,7,1,124,FALSE,0,0
yahoo,mobile,7,1,194,FALSE,0,0
yahoo,mobile,2,1,90,FALSE,0,0
yahoo,laptop,8,4,52,FALSE,10,2482
yahoo,mobile,10,7,140,FALSE,0,0
bing,tablet,2,1,24,FALSE,0,0
google,mobile,7,1,241,FALSE,0,0
direct,laptop,6,17,204,FALSE,7,1523
bing,tablet,3,1,134,FALSE,0,0
yahoo,tablet,7,10,240,FALSE,1,1152
google,mobile,10,5,50,FALSE,0,0
social,laptop,5,1,592,FALSE,0,0
social,laptop,2,16,288,TRUE,3,1833
direct,mobile,6,1,501,FALSE,0,0
yahoo,mobile,9,1,871,FALSE,0,0
social,tablet,8,1,235,FALSE,0,0
yahoo,mobile,9,4,100,FALSE,0,0
bing,mobile,9,3,78,FALSE,0,0
bing,tablet,1,20,280,TRUE,5,2857
yahoo,mobile,7,1,352,FALSE,0,0
direct,laptop,8,1,913,FALSE,0,0
yahoo,tablet,2,1,772,FALSE,0,0
bing,laptop,10,1,777,FALSE,0,0
bing,mobile,1,12,168,FALSE,0,0
direct,laptop,1,1,251,FALSE,0,0
direct,laptop,3,1,307,FALSE,0,0
direct,laptop,9,1,244,FALSE,0,0
bing,tablet,10,17,442,FALSE,0,0
yahoo,tablet,5,1,251,FALSE,0,0
google,tablet,4,1,565,FALSE,0,0
social,tablet,4,1,403,FALSE,0,0
yahoo,mobile,10,1,761,FALSE,0,0
bing,laptop,1,1,148,FALSE,0,0
bing,tablet,3,15,195,FALSE,2,489
bing,laptop,5,10,190,FALSE,0,0
google,laptop,0,1,75,FALSE,0,0
social,tablet,2,1,28,FALSE,7,2077
social,laptop,8,1,382,FALSE,0,0
social,tablet,10,10,170,FALSE,0,0
google,laptop,10,4,60,FALSE,0,0
bing,tablet,4,1,493,FALSE,0,0
bing,mobile,9,1,22,FALSE,0,0
social,laptop,4,1,794,FALSE,0,0
yahoo,tablet,2,16,480,TRUE,9,286
direct,laptop,2,4,40,FALSE,1,1560
social,tablet,9,1,352,FALSE,0,0
google,laptop,2,1,773,FALSE,0,0
yahoo,mobile,9,1,123,FALSE,0,0
social,laptop,7,1,185,FALSE,0,0
yahoo,laptop,1,1,154,FALSE,0,0
yahoo,tablet,9,16,432,TRUE,3,2028
bing,tablet,0,1,697,FALSE,0,0
direct,tablet,6,1,814,FALSE,0,0
direct,mobile,10,1,675,FALSE,0,0
google,laptop,9,1,174,FALSE,0,0
yahoo,mobile,4,1,464,FALSE,0,0
bing,mobile,4,2,22,FALSE,3,1178
social,mobile,0,1,30,FALSE,4,1516
bing,laptop,6,1,384,FALSE,0,0
social,tablet,1,7,77,FALSE,0,0
social,laptop,8,1,64,FALSE,0,0
google,mobile,3,17,510,FALSE,0,0
yahoo,mobile,9,1,524,FALSE,0,0
social,laptop,5,1,544,FALSE,0,0
yahoo,tablet,4,1,326,FALSE,0,0
bing,tablet,4,15,435,TRUE,4,389
bing,laptop,1,1,989,FALSE,0,0
yahoo,tablet,1,10,110,FALSE,4,2780
google,tablet,10,1,512,FALSE,0,0
yahoo,laptop,2,7,105,FALSE,10,1912
social,laptop,8,7,105,FALSE,1,2876
social,tablet,5,20,220,FALSE,5,1743
google,mobile,5,1,147,FALSE,0,0
google,tablet,2,14,266,FALSE,0,0
bing,tablet,0,3,42,FALSE,0,0
google,tablet,2,4,64,FALSE,0,0
bing,laptop,1,2,22,FALSE,1,1286
social,tablet,3,12,324,FALSE,0,0
yahoo,tablet,9,1,706,FALSE,0,0
google,tablet,5,1,978,FALSE,0,0
social,tablet,8,6,156,FALSE,0,0
social,tablet,9,16,432,FALSE,0,0
yahoo,mobile,5,2,50,FALSE,0,0
