id,email,imageurl,url
569,pnardrupfs@ycombinator.com,http://dummyimage.com/211x172.jpg/dddddd/000000,http://engadget.com/ante/vivamus/tortor/duis.jpg?montes=et&nascetur=ultrices&ridiculus=posuere&mus=cubilia&etiam=curae&vel=mauris&augue=viverra&vestibulum=diam&rutrum=vitae&rutrum=quam&neque=suspendisse&aenean=potenti&auctor=nullam&gravida=porttitor&sem=lacus&praesent=at&id=turpis&massa=donec&id=posuere&nisl=metus&venenatis=vitae&lacinia=ipsum&aenean=aliquam&sit=non&amet=mauris&justo=morbi&morbi=non&ut=lectus&odio=aliquam&cras=sit&mi=amet&pede=diam&malesuada=in&in=magna&imperdiet=bibendum&et=imperdiet&commodo=nullam&vulputate=orci&justo=pede&in=venenatis&blandit=non&ultrices=sodales&enim=sed&lorem=tincidunt&ipsum=eu&dolor=felis&sit=fusce&amet=posuere&consectetuer=felis&adipiscing=sed&elit=lacus&proin=morbi&interdum=sem&mauris=mauris&non=laoreet&ligula=ut&pellentesque=rhoncus&ultrices=aliquet&phasellus=pulvinar&id=sed&sapien=nisl&in=nunc&sapien=rhoncus&iaculis=dui&congue=vel&vivamus=sem&metus=sed&arcu=sagittis&adipiscing=nam&molestie=congue&hendrerit=risus
660,hkhidrib@merriam-webster.com,http://dummyimage.com/187x225.jpg/ff4444/ffffff,https://hatena.ne.jp/nunc/vestibulum/ante/ipsum/primis/in/faucibus.xml?ipsum=dolor&primis=sit&in=amet&faucibus=consectetuer&orci=adipiscing&luctus=elit&et=proin&ultrices=risus&posuere=praesent&cubilia=lectus&curae=vestibulum&donec=quam&pharetra=sapien&magna=varius&vestibulum=ut&aliquet=blandit&ultrices=non&erat=interdum&tortor=in&sollicitudin=ante&mi=vestibulum&sit=ante&amet=ipsum&lobortis=primis&sapien=in&sapien=faucibus&non=orci&mi=luctus&integer=et&ac=ultrices&neque=posuere&duis=cubilia&bibendum=curae&morbi=duis&non=faucibus&quam=accumsan&nec=odio&dui=curabitur&luctus=convallis&rutrum=duis&nulla=consequat&tellus=dui&in=nec&sagittis=nisi&dui=volutpat&vel=eleifend&nisl=donec&duis=ut&ac=dolor&nibh=morbi&fusce=vel&lacus=lectus&purus=in&aliquet=quam&at=fringilla&feugiat=rhoncus&non=mauris&pretium=enim&quis=leo&lectus=rhoncus&suspendisse=sed&potenti=vestibulum&in=sit&eleifend=amet&quam=cursus&a=id&odio=turpis&in=integer&hac=aliquet&habitasse=massa&platea=id&dictumst=lobortis&maecenas=convallis&ut=tortor&massa=risus&quis=dapibus&augue=augue&luctus=vel&tincidunt=accumsan&nulla=tellus&mollis=nisi&molestie=eu&lorem=orci&quisque=mauris&ut=lacinia&erat=sapien&curabitur=quis&gravida=libero&nisi=nullam&at=sit&nibh=amet&in=turpis&hac=elementum&habitasse=ligula&platea=vehicula&dictumst=consequat
905,dgloucesterp4@vimeo.com,http://dummyimage.com/240x242.png/5fa2dd/ffffff,http://yelp.com/in.html?adipiscing=rutrum&molestie=rutrum&hendrerit=neque&at=aenean&vulputate=auctor&vitae=gravida&nisl=sem&aenean=praesent&lectus=id&pellentesque=massa&eget=id&nunc=nisl&donec=venenatis&quis=lacinia&orci=aenean&eget=sit&orci=amet&vehicula=justo&condimentum=morbi&curabitur=ut&in=odio&libero=cras&ut=mi&massa=pede&volutpat=malesuada&convallis=in&morbi=imperdiet&odio=et&odio=commodo&elementum=vulputate&eu=justo&interdum=in&eu=blandit&tincidunt=ultrices&in=enim&leo=lorem&maecenas=ipsum&pulvinar=dolor&lobortis=sit&est=amet&phasellus=consectetuer&sit=adipiscing&amet=elit&erat=proin&nulla=interdum&tempus=mauris&vivamus=non&in=ligula&felis=pellentesque&eu=ultrices&sapien=phasellus&cursus=id&vestibulum=sapien&proin=in&eu=sapien&mi=iaculis&nulla=congue&ac=vivamus&enim=metus&in=arcu&tempor=adipiscing&turpis=molestie&nec=hendrerit&euismod=at&scelerisque=vulputate&quam=vitae&turpis=nisl&adipiscing=aenean&lorem=lectus&vitae=pellentesque&mattis=eget&nibh=nunc&ligula=donec&nec=quis&sem=orci&duis=eget&aliquam=orci&convallis=vehicula&nunc=condimentum&proin=curabitur&at=in&turpis=libero&a=ut&pede=massa&posuere=volutpat&nonummy=convallis&integer=morbi&non=odio
539,aclearey@bbb.org,http://dummyimage.com/187x125.jpg/cc0000/ffffff,https://squidoo.com/morbi/a/ipsum/integer/a/nibh.aspx?laoreet=felis&ut=sed&rhoncus=lacus
174,mgoadsby4t@skyrock.com,http://dummyimage.com/133x184.bmp/cc0000/ffffff,http://squidoo.com/sit/amet/justo.html?habitasse=proin&platea=eu&dictumst=mi&maecenas=nulla&ut=ac&massa=enim&quis=in&augue=tempor&luctus=turpis&tincidunt=nec&nulla=euismod&mollis=scelerisque&molestie=quam&lorem=turpis&quisque=adipiscing&ut=lorem&erat=vitae&curabitur=mattis&gravida=nibh&nisi=ligula&at=nec&nibh=sem&in=duis&hac=aliquam&habitasse=convallis&platea=nunc&dictumst=proin&aliquam=at&augue=turpis&quam=a&sollicitudin=pede&vitae=posuere&consectetuer=nonummy&eget=integer&rutrum=non&at=velit&lorem=donec&integer=diam&tincidunt=neque&ante=vestibulum&vel=eget&ipsum=vulputate&praesent=ut&blandit=ultrices&lacinia=vel&erat=augue&vestibulum=vestibulum&sed=ante&magna=ipsum&at=primis&nunc=in&commodo=faucibus&placerat=orci
996,kfleotern@bandcamp.com,http://dummyimage.com/139x248.bmp/dddddd/000000,http://fc2.com/ac/tellus/semper/interdum/mauris/ullamcorper.js?fermentum=morbi&justo=quis&nec=tortor&condimentum=id&neque=nulla&sapien=ultrices&placerat=aliquet&ante=maecenas&nulla=leo&justo=odio&aliquam=condimentum&quis=id&turpis=luctus&eget=nec&elit=molestie&sodales=sed&scelerisque=justo&mauris=pellentesque&sit=viverra&amet=pede&eros=ac
3,hgirhard2@altervista.org,http://dummyimage.com/146x127.bmp/cc0000/ffffff,https://w3.org/sed/augue/aliquam/erat/volutpat.json?dictumst=mi&morbi=sit&vestibulum=amet&velit=lobortis&id=sapien&pretium=sapien&iaculis=non&diam=mi&erat=integer&fermentum=ac&justo=neque&nec=duis&condimentum=bibendum&neque=morbi&sapien=non&placerat=quam&ante=nec&nulla=dui&justo=luctus&aliquam=rutrum&quis=nulla&turpis=tellus&eget=in&elit=sagittis&sodales=dui&scelerisque=vel&mauris=nisl&sit=duis&amet=ac&eros=nibh&suspendisse=fusce&accumsan=lacus&tortor=purus&quis=aliquet&turpis=at&sed=feugiat&ante=non&vivamus=pretium&tortor=quis&duis=lectus&mattis=suspendisse&egestas=potenti&metus=in&aenean=eleifend&fermentum=quam&donec=a&ut=odio&mauris=in&eget=hac&massa=habitasse&tempor=platea
607,ggerckensgu@dailymotion.com,http://dummyimage.com/136x232.jpg/ff4444/ffffff,https://simplemachines.org/cras/non/velit/nec/nisi/vulputate/nonummy.aspx?in=quis&purus=orci&eu=eget&magna=orci&vulputate=vehicula&luctus=condimentum&cum=curabitur&sociis=in&natoque=libero&penatibus=ut&et=massa&magnis=volutpat&dis=convallis&parturient=morbi&montes=odio&nascetur=odio&ridiculus=elementum&mus=eu&vivamus=interdum&vestibulum=eu&sagittis=tincidunt&sapien=in&cum=leo&sociis=maecenas&natoque=pulvinar&penatibus=lobortis&et=est&magnis=phasellus&dis=sit&parturient=amet&montes=erat&nascetur=nulla&ridiculus=tempus&mus=vivamus&etiam=in&vel=felis&augue=eu&vestibulum=sapien&rutrum=cursus&rutrum=vestibulum&neque=proin&aenean=eu&auctor=mi&gravida=nulla&sem=ac&praesent=enim&id=in&massa=tempor&id=turpis&nisl=nec&venenatis=euismod&lacinia=scelerisque&aenean=quam&sit=turpis&amet=adipiscing&justo=lorem&morbi=vitae&ut=mattis&odio=nibh&cras=ligula&mi=nec&pede=sem&malesuada=duis&in=aliquam&imperdiet=convallis&et=nunc&commodo=proin&vulputate=at
703,agrangerji@spiegel.de,http://dummyimage.com/166x185.png/ff4444/ffffff,http://symantec.com/vel/augue.js?tellus=justo&in=lacinia&sagittis=eget&dui=tincidunt&vel=eget&nisl=tempus&duis=vel&ac=pede&nibh=morbi&fusce=porttitor&lacus=lorem&purus=id&aliquet=ligula&at=suspendisse&feugiat=ornare&non=consequat&pretium=lectus&quis=in&lectus=est&suspendisse=risus&potenti=auctor&in=sed
402,tkeelingeb5@yellowbook.com,http://dummyimage.com/152x237.jpg/cc0000/ffffff,http://usgs.gov/enim/leo/rhoncus.xml?morbi=pede&ut=posuere&odio=nonummy&cras=integer&mi=non&pede=velit&malesuada=donec&in=diam&imperdiet=neque&et=vestibulum&commodo=eget&vulputate=vulputate&justo=ut&in=ultrices&blandit=vel&ultrices=augue&enim=vestibulum&lorem=ante&ipsum=ipsum&dolor=primis&sit=in&amet=faucibus&consectetuer=orci&adipiscing=luctus&elit=et&proin=ultrices&interdum=posuere&mauris=cubilia&non=curae&ligula=donec&pellentesque=pharetra&ultrices=magna&phasellus=vestibulum&id=aliquet&sapien=ultrices&in=erat&sapien=tortor&iaculis=sollicitudin&congue=mi&vivamus=sit&metus=amet&arcu=lobortis&adipiscing=sapien&molestie=sapien&hendrerit=non&at=mi&vulputate=integer&vitae=ac&nisl=neque&aenean=duis&lectus=bibendum&pellentesque=morbi&eget=non&nunc=quam&donec=nec&quis=dui&orci=luctus&eget=rutrum&orci=nulla&vehicula=tellus&condimentum=in&curabitur=sagittis&in=dui&libero=vel&ut=nisl&massa=duis&volutpat=ac&convallis=nibh&morbi=fusce&odio=lacus&odio=purus&elementum=aliquet&eu=at&interdum=feugiat&eu=non&tincidunt=pretium&in=quis&leo=lectus&maecenas=suspendisse&pulvinar=potenti&lobortis=in&est=eleifend&phasellus=quam&sit=a&amet=odio&erat=in&nulla=hac
138,vfuncheon3t@spiegel.de,http://dummyimage.com/149x120.bmp/dddddd/000000,https://mac.com/id/mauris.jpg?dictumst=nulla&aliquam=eget&augue=eros&quam=elementum&sollicitudin=pellentesque&vitae=quisque&consectetuer=porta&eget=volutpat&rutrum=erat&at=quisque&lorem=erat&integer=eros&tincidunt=viverra
481,mcantidc@dyndns.org,http://dummyimage.com/138x183.bmp/cc0000/ffffff,http://51.la/at/feugiat.json?id=orci&nulla=nullam&ultrices=molestie&aliquet=nibh&maecenas=in&leo=lectus&odio=pellentesque&condimentum=at&id=nulla&luctus=suspendisse&nec=potenti&molestie=cras&sed=in&justo=purus&pellentesque=eu&viverra=magna&pede=vulputate&ac=luctus&diam=cum&cras=sociis&pellentesque=natoque&volutpat=penatibus&dui=et&maecenas=magnis&tristique=dis&est=parturient&et=montes&tempus=nascetur&semper=ridiculus&est=mus&quam=vivamus&pharetra=vestibulum&magna=sagittis&ac=sapien&consequat=cum&metus=sociis&sapien=natoque&ut=penatibus&nunc=et&vestibulum=magnis&ante=dis&ipsum=parturient&primis=montes&in=nascetur&faucibus=ridiculus&orci=mus&luctus=etiam&et=vel&ultrices=augue&posuere=vestibulum&cubilia=rutrum&curae=rutrum&mauris=neque&viverra=aenean&diam=auctor&vitae=gravida
936,gwartonbypz@youtu.be,http://dummyimage.com/197x181.jpg/dddddd/000000,https://nsw.gov.au/ultrices/posuere/cubilia.js?etiam=proin&justo=leo&etiam=odio&pretium=porttitor&iaculis=id&justo=consequat&in=in&hac=consequat&habitasse=ut&platea=nulla&dictumst=sed&etiam=accumsan&faucibus=felis&cursus=ut&urna=at&ut=dolor&tellus=quis&nulla=odio&ut=consequat&erat=varius&id=integer&mauris=ac&vulputate=leo&elementum=pellentesque&nullam=ultrices&varius=mattis&nulla=odio&facilisi=donec&cras=vitae&non=nisi&velit=nam&nec=ultrices&nisi=libero&vulputate=non&nonummy=mattis&maecenas=pulvinar&tincidunt=nulla&lacus=pede&at=ullamcorper&velit=augue&vivamus=a&vel=suscipit&nulla=nulla&eget=elit&eros=ac&elementum=nulla&pellentesque=sed&quisque=vel&porta=enim&volutpat=sit&erat=amet&quisque=nunc&erat=viverra&eros=dapibus&viverra=nulla&eget=suscipit&congue=ligula&eget=in&semper=lacus&rutrum=curabitur&nulla=at&nunc=ipsum&purus=ac&phasellus=tellus&in=semper&felis=interdum&donec=mauris&semper=ullamcorper&sapien=purus&a=sit&libero=amet&nam=nulla&dui=quisque
767,aferbyla@wisc.edu,http://dummyimage.com/205x207.bmp/cc0000/ffffff,http://tmall.com/sit/amet/erat/nulla.png?molestie=non&lorem=ligula&quisque=pellentesque&ut=ultrices&erat=phasellus&curabitur=id&gravida=sapien&nisi=in&at=sapien&nibh=iaculis&in=congue&hac=vivamus&habitasse=metus&platea=arcu&dictumst=adipiscing&aliquam=molestie&augue=hendrerit&quam=at&sollicitudin=vulputate&vitae=vitae&consectetuer=nisl&eget=aenean&rutrum=lectus&at=pellentesque&lorem=eget&integer=nunc&tincidunt=donec&ante=quis&vel=orci&ipsum=eget&praesent=orci&blandit=vehicula&lacinia=condimentum&erat=curabitur&vestibulum=in&sed=libero&magna=ut&at=massa&nunc=volutpat&commodo=convallis&placerat=morbi&praesent=odio&blandit=odio&nam=elementum&nulla=eu&integer=interdum&pede=eu&justo=tincidunt&lacinia=in&eget=leo&tincidunt=maecenas&eget=pulvinar&tempus=lobortis&vel=est&pede=phasellus&morbi=sit&porttitor=amet&lorem=erat&id=nulla&ligula=tempus&suspendisse=vivamus&ornare=in&consequat=felis&lectus=eu&in=sapien&est=cursus&risus=vestibulum&auctor=proin&sed=eu&tristique=mi&in=nulla&tempus=ac&sit=enim&amet=in&sem=tempor&fusce=turpis&consequat=nec&nulla=euismod&nisl=scelerisque&nunc=quam&nisl=turpis&duis=adipiscing&bibendum=lorem&felis=vitae&sed=mattis&interdum=nibh&venenatis=ligula&turpis=nec&enim=sem&blandit=duis&mi=aliquam&in=convallis&porttitor=nunc&pede=proin&justo=at&eu=turpis&massa=a&donec=pede
596,smulvennagj@ucoz.ru,http://dummyimage.com/218x235.bmp/dddddd/000000,https://wikimedia.org/id/justo/sit/amet.jsp?quis=donec&orci=dapibus&nullam=duis&molestie=at&nibh=velit&in=eu&lectus=est&pellentesque=congue&at=elementum&nulla=in&suspendisse=hac&potenti=habitasse&cras=platea&in=dictumst&purus=morbi&eu=vestibulum&magna=velit&vulputate=id&luctus=pretium&cum=iaculis&sociis=diam&natoque=erat&penatibus=fermentum&et=justo&magnis=nec&dis=condimentum&parturient=neque&montes=sapien&nascetur=placerat&ridiculus=ante&mus=nulla&vivamus=justo&vestibulum=aliquam&sagittis=quis&sapien=turpis&cum=eget&sociis=elit&natoque=sodales&penatibus=scelerisque&et=mauris&magnis=sit&dis=amet&parturient=eros&montes=suspendisse&nascetur=accumsan
821,brozms@rambler.ru,http://dummyimage.com/246x178.png/cc0000/ffffff,https://home.pl/nullam/varius/nulla/facilisi.xml?erat=orci&eros=luctus&viverra=et&eget=ultrices&congue=posuere&eget=cubilia&semper=curae&rutrum=nulla&nulla=dapibus&nunc=dolor&purus=vel&phasellus=est&in=donec&felis=odio&donec=justo&semper=sollicitudin&sapien=ut&a=suscipit&libero=a&nam=feugiat&dui=et&proin=eros&leo=vestibulum&odio=ac&porttitor=est&id=lacinia&consequat=nisi&in=venenatis&consequat=tristique&ut=fusce&nulla=congue&sed=diam&accumsan=id&felis=ornare&ut=imperdiet&at=sapien&dolor=urna&quis=pretium&odio=nisl&consequat=ut&varius=volutpat&integer=sapien&ac=arcu&leo=sed&pellentesque=augue&ultrices=aliquam&mattis=erat&odio=volutpat&donec=in&vitae=congue&nisi=etiam&nam=justo&ultrices=etiam&libero=pretium&non=iaculis&mattis=justo&pulvinar=in&nulla=hac&pede=habitasse&ullamcorper=platea&augue=dictumst&a=etiam&suscipit=faucibus&nulla=cursus&elit=urna&ac=ut&nulla=tellus&sed=nulla&vel=ut&enim=erat&sit=id&amet=mauris&nunc=vulputate&viverra=elementum&dapibus=nullam&nulla=varius&suscipit=nulla&ligula=facilisi&in=cras&lacus=non&curabitur=velit&at=nec&ipsum=nisi&ac=vulputate&tellus=nonummy&semper=maecenas
869,rlittefairo4@senate.gov,http://dummyimage.com/114x134.jpg/ff4444/ffffff,http://elpais.com/in/consequat/ut.aspx?eu=lectus&tincidunt=aliquam&in=sit&leo=amet
966,ewormaldqt@google.de,http://dummyimage.com/119x179.jpg/dddddd/000000,http://de.vu/consequat/dui/nec/nisi/volutpat/eleifend.js?nulla=pede&justo=morbi&aliquam=porttitor&quis=lorem&turpis=id&eget=ligula&elit=suspendisse&sodales=ornare&scelerisque=consequat&mauris=lectus&sit=in&amet=est&eros=risus&suspendisse=auctor&accumsan=sed&tortor=tristique&quis=in&turpis=tempus&sed=sit&ante=amet&vivamus=sem&tortor=fusce&duis=consequat&mattis=nulla&egestas=nisl
669,dmackibbonik@cisco.com,http://dummyimage.com/162x131.jpg/5fa2dd/ffffff,http://yahoo.co.jp/primis/in/faucibus/orci/luctus.html?risus=sit&dapibus=amet&augue=diam&vel=in&accumsan=magna&tellus=bibendum&nisi=imperdiet&eu=nullam&orci=orci&mauris=pede&lacinia=venenatis&sapien=non&quis=sodales&libero=sed&nullam=tincidunt&sit=eu&amet=felis&turpis=fusce&elementum=posuere&ligula=felis&vehicula=sed&consequat=lacus&morbi=morbi&a=sem&ipsum=mauris&integer=laoreet&a=ut&nibh=rhoncus&in=aliquet&quis=pulvinar&justo=sed&maecenas=nisl&rhoncus=nunc&aliquam=rhoncus&lacus=dui&morbi=vel&quis=sem&tortor=sed&id=sagittis&nulla=nam&ultrices=congue&aliquet=risus&maecenas=semper&leo=porta&odio=volutpat&condimentum=quam&id=pede&luctus=lobortis&nec=ligula&molestie=sit&sed=amet&justo=eleifend&pellentesque=pede&viverra=libero&pede=quis&ac=orci&diam=nullam&cras=molestie&pellentesque=nibh&volutpat=in&dui=lectus&maecenas=pellentesque&tristique=at&est=nulla&et=suspendisse&tempus=potenti&semper=cras&est=in&quam=purus&pharetra=eu&magna=magna&ac=vulputate&consequat=luctus&metus=cum&sapien=sociis&ut=natoque&nunc=penatibus&vestibulum=et&ante=magnis&ipsum=dis&primis=parturient&in=montes&faucibus=nascetur&orci=ridiculus&luctus=mus&et=vivamus&ultrices=vestibulum&posuere=sagittis&cubilia=sapien
750,rbreydinkt@reddit.com,http://dummyimage.com/129x115.bmp/cc0000/ffffff,https://ycombinator.com/volutpat/sapien/arcu/sed/augue/aliquam/erat.jsp?interdum=sapien&eu=cursus&tincidunt=vestibulum&in=proin&leo=eu&maecenas=mi&pulvinar=nulla&lobortis=ac&est=enim&phasellus=in&sit=tempor&amet=turpis&erat=nec&nulla=euismod&tempus=scelerisque&vivamus=quam&in=turpis&felis=adipiscing&eu=lorem&sapien=vitae&cursus=mattis&vestibulum=nibh&proin=ligula&eu=nec&mi=sem&nulla=duis&ac=aliquam&enim=convallis&in=nunc&tempor=proin&turpis=at&nec=turpis&euismod=a&scelerisque=pede&quam=posuere&turpis=nonummy&adipiscing=integer&lorem=non&vitae=velit&mattis=donec&nibh=diam&ligula=neque&nec=vestibulum&sem=eget&duis=vulputate&aliquam=ut&convallis=ultrices&nunc=vel&proin=augue&at=vestibulum&turpis=ante&a=ipsum&pede=primis&posuere=in&nonummy=faucibus&integer=orci&non=luctus&velit=et&donec=ultrices&diam=posuere&neque=cubilia&vestibulum=curae&eget=donec&vulputate=pharetra&ut=magna&ultrices=vestibulum&vel=aliquet&augue=ultrices&vestibulum=erat&ante=tortor&ipsum=sollicitudin&primis=mi&in=sit&faucibus=amet&orci=lobortis&luctus=sapien&et=sapien&ultrices=non&posuere=mi&cubilia=integer
708,mconnechiejn@gravatar.com,http://dummyimage.com/104x121.jpg/dddddd/000000,https://discuz.net/posuere.aspx?quam=curabitur&sollicitudin=in&vitae=libero&consectetuer=ut&eget=massa&rutrum=volutpat&at=convallis&lorem=morbi&integer=odio&tincidunt=odio&ante=elementum&vel=eu&ipsum=interdum&praesent=eu&blandit=tincidunt&lacinia=in&erat=leo&vestibulum=maecenas&sed=pulvinar&magna=lobortis&at=est&nunc=phasellus&commodo=sit&placerat=amet&praesent=erat&blandit=nulla&nam=tempus&nulla=vivamus&integer=in&pede=felis&justo=eu&lacinia=sapien&eget=cursus&tincidunt=vestibulum&eget=proin&tempus=eu&vel=mi&pede=nulla&morbi=ac&porttitor=enim&lorem=in&id=tempor&ligula=turpis&suspendisse=nec&ornare=euismod&consequat=scelerisque&lectus=quam&in=turpis&est=adipiscing&risus=lorem&auctor=vitae&sed=mattis&tristique=nibh&in=ligula&tempus=nec&sit=sem&amet=duis&sem=aliquam&fusce=convallis&consequat=nunc&nulla=proin&nisl=at&nunc=turpis&nisl=a&duis=pede&bibendum=posuere&felis=nonummy&sed=integer&interdum=non&venenatis=velit&turpis=donec&enim=diam&blandit=neque&mi=vestibulum&in=eget&porttitor=vulputate&pede=ut&justo=ultrices&eu=vel&massa=augue&donec=vestibulum&dapibus=ante&duis=ipsum&at=primis&velit=in&eu=faucibus&est=orci&congue=luctus&elementum=et&in=ultrices&hac=posuere&habitasse=cubilia&platea=curae&dictumst=donec&morbi=pharetra
475,credgraved6@tiny.cc,http://dummyimage.com/127x196.png/cc0000/ffffff,https://indiatimes.com/augue/luctus/tincidunt.js?fusce=in&lacus=consequat&purus=ut&aliquet=nulla&at=sed&feugiat=accumsan&non=felis&pretium=ut&quis=at&lectus=dolor&suspendisse=quis&potenti=odio&in=consequat&eleifend=varius&quam=integer&a=ac&odio=leo&in=pellentesque&hac=ultrices&habitasse=mattis&platea=odio&dictumst=donec&maecenas=vitae&ut=nisi&massa=nam&quis=ultrices&augue=libero&luctus=non&tincidunt=mattis&nulla=pulvinar&mollis=nulla&molestie=pede&lorem=ullamcorper&quisque=augue
998,qsturdyrp@reddit.com,http://dummyimage.com/246x211.bmp/5fa2dd/ffffff,https://google.nl/nisl/duis/bibendum/felis.jpg?consequat=nulla&morbi=eget&a=eros&ipsum=elementum&integer=pellentesque&a=quisque&nibh=porta&in=volutpat&quis=erat&justo=quisque
168,tcamber4n@apple.com,http://dummyimage.com/174x160.bmp/dddddd/000000,https://gov.uk/blandit.xml?platea=interdum&dictumst=mauris&morbi=non&vestibulum=ligula&velit=pellentesque&id=ultrices&pretium=phasellus&iaculis=id&diam=sapien&erat=in&fermentum=sapien&justo=iaculis&nec=congue&condimentum=vivamus&neque=metus&sapien=arcu&placerat=adipiscing&ante=molestie&nulla=hendrerit&justo=at&aliquam=vulputate&quis=vitae&turpis=nisl&eget=aenean&elit=lectus&sodales=pellentesque&scelerisque=eget&mauris=nunc&sit=donec&amet=quis&eros=orci&suspendisse=eget&accumsan=orci&tortor=vehicula&quis=condimentum&turpis=curabitur&sed=in&ante=libero&vivamus=ut&tortor=massa&duis=volutpat&mattis=convallis&egestas=morbi&metus=odio&aenean=odio&fermentum=elementum&donec=eu&ut=interdum&mauris=eu&eget=tincidunt&massa=in&tempor=leo&convallis=maecenas&nulla=pulvinar&neque=lobortis&libero=est&convallis=phasellus&eget=sit&eleifend=amet&luctus=erat&ultricies=nulla&eu=tempus&nibh=vivamus&quisque=in&id=felis&justo=eu&sit=sapien&amet=cursus&sapien=vestibulum&dignissim=proin&vestibulum=eu&vestibulum=mi&ante=nulla&ipsum=ac&primis=enim&in=in&faucibus=tempor&orci=turpis&luctus=nec&et=euismod&ultrices=scelerisque&posuere=quam&cubilia=turpis&curae=adipiscing&nulla=lorem&dapibus=vitae&dolor=mattis&vel=nibh&est=ligula&donec=nec&odio=sem&justo=duis&sollicitudin=aliquam&ut=convallis&suscipit=nunc
87,kedgerly2e@a8.net,http://dummyimage.com/200x179.bmp/ff4444/ffffff,http://prlog.org/pede/venenatis/non/sodales/sed/tincidunt/eu.jsp?nulla=nunc&sed=rhoncus&accumsan=dui&felis=vel&ut=sem&at=sed&dolor=sagittis&quis=nam&odio=congue&consequat=risus&varius=semper&integer=porta&ac=volutpat&leo=quam&pellentesque=pede&ultrices=lobortis
496,mgarretdr@abc.net.au,http://dummyimage.com/204x127.bmp/cc0000/ffffff,https://unicef.org/adipiscing/lorem/vitae/mattis/nibh/ligula.jpg?amet=in&sapien=faucibus&dignissim=orci&vestibulum=luctus&vestibulum=et&ante=ultrices&ipsum=posuere&primis=cubilia&in=curae&faucibus=donec&orci=pharetra&luctus=magna&et=vestibulum&ultrices=aliquet&posuere=ultrices&cubilia=erat&curae=tortor&nulla=sollicitudin&dapibus=mi&dolor=sit&vel=amet&est=lobortis&donec=sapien&odio=sapien&justo=non&sollicitudin=mi&ut=integer&suscipit=ac&a=neque&feugiat=duis&et=bibendum&eros=morbi&vestibulum=non&ac=quam&est=nec
218,agullis61@boston.com,http://dummyimage.com/229x222.png/cc0000/ffffff,https://chicagotribune.com/cras/non.html?in=fermentum&ante=donec&vestibulum=ut&ante=mauris&ipsum=eget&primis=massa&in=tempor&faucibus=convallis&orci=nulla&luctus=neque&et=libero&ultrices=convallis&posuere=eget&cubilia=eleifend&curae=luctus&duis=ultricies&faucibus=eu&accumsan=nibh&odio=quisque&curabitur=id&convallis=justo&duis=sit&consequat=amet&dui=sapien&nec=dignissim&nisi=vestibulum&volutpat=vestibulum&eleifend=ante&donec=ipsum&ut=primis&dolor=in&morbi=faucibus&vel=orci&lectus=luctus&in=et&quam=ultrices&fringilla=posuere&rhoncus=cubilia&mauris=curae&enim=nulla&leo=dapibus&rhoncus=dolor&sed=vel&vestibulum=est&sit=donec&amet=odio&cursus=justo&id=sollicitudin&turpis=ut&integer=suscipit&aliquet=a&massa=feugiat&id=et&lobortis=eros&convallis=vestibulum&tortor=ac&risus=est&dapibus=lacinia&augue=nisi&vel=venenatis&accumsan=tristique&tellus=fusce&nisi=congue&eu=diam&orci=id&mauris=ornare&lacinia=imperdiet&sapien=sapien&quis=urna&libero=pretium&nullam=nisl&sit=ut&amet=volutpat&turpis=sapien&elementum=arcu&ligula=sed&vehicula=augue&consequat=aliquam&morbi=erat&a=volutpat&ipsum=in&integer=congue&a=etiam&nibh=justo&in=etiam&quis=pretium&justo=iaculis&maecenas=justo&rhoncus=in&aliquam=hac&lacus=habitasse&morbi=platea
332,swindas97@booking.com,http://dummyimage.com/123x245.png/5fa2dd/ffffff,http://altervista.org/volutpat/convallis/morbi/odio/odio/elementum.js?elementum=morbi&eu=vestibulum&interdum=velit&eu=id&tincidunt=pretium&in=iaculis&leo=diam&maecenas=erat&pulvinar=fermentum&lobortis=justo&est=nec&phasellus=condimentum&sit=neque&amet=sapien&erat=placerat&nulla=ante&tempus=nulla&vivamus=justo&in=aliquam&felis=quis&eu=turpis&sapien=eget&cursus=elit&vestibulum=sodales&proin=scelerisque&eu=mauris&mi=sit&nulla=amet&ac=eros&enim=suspendisse&in=accumsan&tempor=tortor&turpis=quis&nec=turpis&euismod=sed&scelerisque=ante&quam=vivamus&turpis=tortor&adipiscing=duis&lorem=mattis&vitae=egestas&mattis=metus&nibh=aenean&ligula=fermentum&nec=donec&sem=ut&duis=mauris&aliquam=eget&convallis=massa&nunc=tempor&proin=convallis&at=nulla&turpis=neque&a=libero&pede=convallis&posuere=eget&nonummy=eleifend&integer=luctus&non=ultricies&velit=eu&donec=nibh&diam=quisque&neque=id&vestibulum=justo&eget=sit&vulputate=amet&ut=sapien&ultrices=dignissim&vel=vestibulum&augue=vestibulum&vestibulum=ante&ante=ipsum&ipsum=primis&primis=in&in=faucibus&faucibus=orci&orci=luctus&luctus=et&et=ultrices&ultrices=posuere&posuere=cubilia&cubilia=curae
202,gdeniske5l@sourceforge.net,http://dummyimage.com/117x201.png/ff4444/ffffff,http://sciencedaily.com/imperdiet/et/commodo/vulputate/justo/in.js?in=condimentum&leo=id&maecenas=luctus&pulvinar=nec&lobortis=molestie&est=sed&phasellus=justo&sit=pellentesque&amet=viverra&erat=pede&nulla=ac&tempus=diam&vivamus=cras&in=pellentesque&felis=volutpat&eu=dui&sapien=maecenas&cursus=tristique&vestibulum=est&proin=et
110,dmcquorkel31@ifeng.com,http://dummyimage.com/145x171.jpg/cc0000/ffffff,http://hubpages.com/fusce/consequat/nulla/nisl/nunc/nisl.js?augue=sem&vestibulum=sed&rutrum=sagittis&rutrum=nam&neque=congue&aenean=risus&auctor=semper&gravida=porta&sem=volutpat&praesent=quam&id=pede&massa=lobortis&id=ligula&nisl=sit&venenatis=amet&lacinia=eleifend&aenean=pede&sit=libero&amet=quis&justo=orci&morbi=nullam&ut=molestie&odio=nibh&cras=in&mi=lectus&pede=pellentesque&malesuada=at&in=nulla&imperdiet=suspendisse&et=potenti&commodo=cras&vulputate=in&justo=purus&in=eu&blandit=magna&ultrices=vulputate&enim=luctus&lorem=cum&ipsum=sociis&dolor=natoque&sit=penatibus&amet=et&consectetuer=magnis&adipiscing=dis&elit=parturient&proin=montes&interdum=nascetur&mauris=ridiculus&non=mus&ligula=vivamus&pellentesque=vestibulum&ultrices=sagittis&phasellus=sapien&id=cum&sapien=sociis&in=natoque&sapien=penatibus&iaculis=et&congue=magnis&vivamus=dis&metus=parturient&arcu=montes&adipiscing=nascetur&molestie=ridiculus&hendrerit=mus&at=etiam&vulputate=vel&vitae=augue&nisl=vestibulum&aenean=rutrum&lectus=rutrum&pellentesque=neque&eget=aenean&nunc=auctor&donec=gravida&quis=sem&orci=praesent&eget=id&orci=massa&vehicula=id
119,aginnane3a@cdbaby.com,http://dummyimage.com/205x227.png/dddddd/000000,http://utexas.edu/tempus/vivamus/in/felis/eu/sapien.js?vel=phasellus&sem=id&sed=sapien&sagittis=in&nam=sapien&congue=iaculis&risus=congue&semper=vivamus&porta=metus&volutpat=arcu&quam=adipiscing&pede=molestie&lobortis=hendrerit&ligula=at&sit=vulputate&amet=vitae&eleifend=nisl&pede=aenean&libero=lectus&quis=pellentesque&orci=eget&nullam=nunc&molestie=donec&nibh=quis&in=orci&lectus=eget&pellentesque=orci&at=vehicula&nulla=condimentum&suspendisse=curabitur&potenti=in&cras=libero&in=ut&purus=massa&eu=volutpat&magna=convallis&vulputate=morbi&luctus=odio&cum=odio&sociis=elementum&natoque=eu&penatibus=interdum&et=eu&magnis=tincidunt&dis=in&parturient=leo&montes=maecenas&nascetur=pulvinar&ridiculus=lobortis&mus=est&vivamus=phasellus&vestibulum=sit&sagittis=amet&sapien=erat&cum=nulla&sociis=tempus&natoque=vivamus&penatibus=in&et=felis&magnis=eu&dis=sapien&parturient=cursus&montes=vestibulum&nascetur=proin&ridiculus=eu&mus=mi&etiam=nulla&vel=ac&augue=enim&vestibulum=in&rutrum=tempor&rutrum=turpis&neque=nec&aenean=euismod&auctor=scelerisque&gravida=quam&sem=turpis&praesent=adipiscing&id=lorem&massa=vitae
619,hgoldsbroughh6@unblog.fr,http://dummyimage.com/237x242.png/5fa2dd/ffffff,https://wikia.com/in/eleifend/quam/a/odio/in/hac.html?vitae=urna&mattis=pretium&nibh=nisl&ligula=ut&nec=volutpat
727,susmark6@photobucket.com,http://dummyimage.com/175x190.jpg/5fa2dd/ffffff,http://privacy.gov.au/nibh.html?amet=lacus&turpis=curabitur&elementum=at&ligula=ipsum&vehicula=ac&consequat=tellus&morbi=semper
54,pblakebrough1h@geocities.jp,http://dummyimage.com/204x214.bmp/cc0000/ffffff,https://spotify.com/risus.aspx?lacinia=nascetur&sapien=ridiculus&quis=mus&libero=vivamus&nullam=vestibulum&sit=sagittis&amet=sapien&turpis=cum&elementum=sociis&ligula=natoque&vehicula=penatibus&consequat=et&morbi=magnis
1000,ahixsonrr@free.fr,http://dummyimage.com/113x123.png/ff4444/ffffff,http://un.org/augue/aliquam/erat/volutpat.html?non=tortor&quam=id&nec=nulla&dui=ultrices&luctus=aliquet&rutrum=maecenas&nulla=leo&tellus=odio&in=condimentum&sagittis=id&dui=luctus&vel=nec&nisl=molestie&duis=sed&ac=justo&nibh=pellentesque&fusce=viverra&lacus=pede&purus=ac&aliquet=diam&at=cras&feugiat=pellentesque&non=volutpat&pretium=dui&quis=maecenas&lectus=tristique&suspendisse=est&potenti=et&in=tempus&eleifend=semper&quam=est&a=quam&odio=pharetra&in=magna&hac=ac&habitasse=consequat&platea=metus&dictumst=sapien&maecenas=ut&ut=nunc&massa=vestibulum&quis=ante&augue=ipsum&luctus=primis&tincidunt=in&nulla=faucibus&mollis=orci&molestie=luctus&lorem=et&quisque=ultrices&ut=posuere&erat=cubilia
27,agawlerq@goodreads.com,http://dummyimage.com/134x138.bmp/cc0000/ffffff,https://redcross.org/nulla/sed/vel/enim/sit/amet.jpg?vitae=consectetuer&mattis=adipiscing&nibh=elit&ligula=proin&nec=risus&sem=praesent&duis=lectus&aliquam=vestibulum&convallis=quam&nunc=sapien&proin=varius&at=ut&turpis=blandit&a=non&pede=interdum&posuere=in&nonummy=ante&integer=vestibulum&non=ante
226,cbartolomeo69@paginegialle.it,http://dummyimage.com/199x195.png/5fa2dd/ffffff,http://1und1.de/eget/tincidunt.png?praesent=nascetur&blandit=ridiculus&nam=mus&nulla=etiam&integer=vel&pede=augue&justo=vestibulum&lacinia=rutrum&eget=rutrum&tincidunt=neque&eget=aenean&tempus=auctor&vel=gravida&pede=sem&morbi=praesent&porttitor=id&lorem=massa&id=id&ligula=nisl&suspendisse=venenatis&ornare=lacinia&consequat=aenean&lectus=sit&in=amet&est=justo&risus=morbi&auctor=ut&sed=odio&tristique=cras&in=mi&tempus=pede&sit=malesuada&amet=in&sem=imperdiet&fusce=et&consequat=commodo&nulla=vulputate&nisl=justo&nunc=in&nisl=blandit&duis=ultrices&bibendum=enim&felis=lorem&sed=ipsum&interdum=dolor&venenatis=sit&turpis=amet&enim=consectetuer&blandit=adipiscing&mi=elit&in=proin&porttitor=interdum&pede=mauris&justo=non&eu=ligula
592,harletgf@flavors.me,http://dummyimage.com/245x175.png/dddddd/000000,http://clickbank.net/tellus/semper/interdum/mauris/ullamcorper.png?id=morbi&pretium=odio&iaculis=odio&diam=elementum&erat=eu&fermentum=interdum&justo=eu&nec=tincidunt&condimentum=in&neque=leo&sapien=maecenas&placerat=pulvinar&ante=lobortis&nulla=est&justo=phasellus&aliquam=sit&quis=amet&turpis=erat&eget=nulla&elit=tempus&sodales=vivamus&scelerisque=in&mauris=felis&sit=eu&amet=sapien&eros=cursus&suspendisse=vestibulum&accumsan=proin&tortor=eu&quis=mi&turpis=nulla&sed=ac&ante=enim&vivamus=in&tortor=tempor&duis=turpis&mattis=nec&egestas=euismod&metus=scelerisque&aenean=quam&fermentum=turpis&donec=adipiscing&ut=lorem&mauris=vitae&eget=mattis&massa=nibh&tempor=ligula&convallis=nec&nulla=sem&neque=duis&libero=aliquam&convallis=convallis&eget=nunc&eleifend=proin&luctus=at&ultricies=turpis&eu=a&nibh=pede&quisque=posuere&id=nonummy&justo=integer&sit=non&amet=velit&sapien=donec
971,mbraunstonqy@list-manage.com,http://dummyimage.com/140x155.jpg/5fa2dd/ffffff,https://cbsnews.com/in/faucibus.xml?massa=erat&quis=eros&augue=viverra&luctus=eget&tincidunt=congue&nulla=eget&mollis=semper&molestie=rutrum&lorem=nulla&quisque=nunc&ut=purus&erat=phasellus&curabitur=in&gravida=felis&nisi=donec&at=semper&nibh=sapien&in=a&hac=libero&habitasse=nam&platea=dui&dictumst=proin&aliquam=leo&augue=odio&quam=porttitor&sollicitudin=id&vitae=consequat&consectetuer=in&eget=consequat&rutrum=ut
729,fmaudsleyk8@telegraph.co.uk,http://dummyimage.com/108x155.png/dddddd/000000,https://smugmug.com/aliquet.png?felis=erat&sed=tortor&lacus=sollicitudin&morbi=mi&sem=sit&mauris=amet&laoreet=lobortis&ut=sapien&rhoncus=sapien&aliquet=non&pulvinar=mi&sed=integer&nisl=ac&nunc=neque&rhoncus=duis&dui=bibendum&vel=morbi&sem=non&sed=quam&sagittis=nec&nam=dui&congue=luctus&risus=rutrum&semper=nulla&porta=tellus&volutpat=in&quam=sagittis&pede=dui&lobortis=vel&ligula=nisl&sit=duis&amet=ac&eleifend=nibh&pede=fusce&libero=lacus&quis=purus&orci=aliquet&nullam=at&molestie=feugiat&nibh=non&in=pretium&lectus=quis&pellentesque=lectus&at=suspendisse&nulla=potenti&suspendisse=in&potenti=eleifend&cras=quam&in=a
